user_id,username,email,age_group,preferred_language
1,user_1,user1@cineverse.example.com,25-34,English
2,user_2,user2@cineverse.example.com,45-54,English
3,user_3,user3@cineverse.example.com,18-24,English
4,user_4,user4@cineverse.example.com,35-44,English
5,user_5,user5@cineverse.example.com,18-24,English
6,user_6,user6@cineverse.example.com,35-44,English
7,user_7,user7@cineverse.example.com,18-24,English
8,user_8,user8@cineverse.example.com,25-34,English
9,user_9,user9@cineverse.example.com,18-24,English
10,user_10,user10@cineverse.example.com,25-34,English
11,user_11,user11@cineverse.example.com,35-44,English
12,user_12,user12@cineverse.example.com,25-34,English
13,user_13,user13@cineverse.example.com,under_18,English
14,user_14,user14@cineverse.example.com,18-24,English
15,user_15,user15@cineverse.example.com,35-44,English
16,user_16,user16@cineverse.example.com,25-34,English
17,user_17,user17@cineverse.example.com,35-44,English
18,user_18,user18@cineverse.example.com,25-34,English
19,user_19,user19@cineverse.example.com,25-34,English
20,user_20,user20@cineverse.example.com,18-24,English
21,user_21,user21@cineverse.example.com,18-24,English
22,user_22,user22@cineverse.example.com,25-34,English
23,user_23,user23@cineverse.example.com,35-44,English
24,user_24,user24@cineverse.example.com,25-34,English
25,user_25,user25@cineverse.example.com,35-44,English
26,user_26,user26@cineverse.example.com,18-24,English
27,user_27,user27@cineverse.example.com,18-24,English
28,user_28,user28@cineverse.example.com,18-24,English
29,user_29,user29@cineverse.example.com,35-44,English
30,user_30,user30@cineverse.example.com,25-34,English
31,user_31,user31@cineverse.example.com,25-34,English
32,user_32,user32@cineverse.example.com,35-44,English
33,user_33,user33@cineverse.example.com,18-24,English
34,user_34,user34@cineverse.example.com,45-54,English
35,user_35,user35@cineverse.example.com,25-34,English
36,user_36,user36@cineverse.example.com,25-34,English
37,user_37,user37@cineverse.example.com,18-24,English
38,user_38,user38@cineverse.example.com,55+,English
39,user_39,user39@cineverse.example.com,18-24,English
40,user_40,user40@cineverse.example.com,45-54,English
41,user_41,user41@cineverse.example.com,55+,English
42,user_42,user42@cineverse.example.com,45-54,English
43,user_43,user43@cineverse.example.com,25-34,English
44,user_44,user44@cineverse.example.com,18-24,English
45,user_45,user45@cineverse.example.com,25-34,English
46,user_46,user46@cineverse.example.com,35-44,English
47,user_47,user47@cineverse.example.com,25-34,English
48,user_48,user48@cineverse.example.com,25-34,English
49,user_49,user49@cineverse.example.com,18-24,English
50,user_50,user50@cineverse.example.com,18-24,English
51,user_51,user51@cineverse.example.com,18-24,English
52,user_52,user52@cineverse.example.com,under_18,English
53,user_54,user54@cineverse.example.com,18-24,English
54,user_55,user55@cineverse.example.com,45-54,English
55,user_56,user56@cineverse.example.com,18-24,English
56,user_57,user57@cineverse.example.com,25-34,English
57,user_58,user58@cineverse.example.com,45-54,English
58,user_59,user59@cineverse.example.com,18-24,English
59,user_60,user60@cineverse.example.com,25-34,English
60,user_61,user61@cineverse.example.com,45-54,English
61,user_62,user62@cineverse.example.com,25-34,English
62,user_63,user63@cineverse.example.com,25-34,English
63,user_64,user64@cineverse.example.com,35-44,English
64,user_65,user65@cineverse.example.com,45-54,English
65,user_66,user66@cineverse.example.com,18-24,English
66,user_67,user67@cineverse.example.com,18-24,English
67,user_68,user68@cineverse.example.com,25-34,English
68,user_69,user69@cineverse.example.com,25-34,English
69,user_70,user70@cineverse.example.com,45-54,English
70,user_71,user71@cineverse.example.com,35-44,English
71,user_72,user72@cineverse.example.com,25-34,English
72,user_73,user73@cineverse.example.com,45-54,English
73,user_74,user74@cineverse.example.com,25-34,English
74,user_75,user75@cineverse.example.com,25-34,English
75,user_76,user76@cineverse.example.com,35-44,English
76,user_77,user77@cineverse.example.com,35-44,English
77,user_78,user78@cineverse.example.com,18-24,English
78,user_79,user79@cineverse.example.com,18-24,English
79,user_80,user80@cineverse.example.com,35-44,English
80,user_81,user81@cineverse.example.com,under_18,English
81,user_82,user82@cineverse.example.com,55+,English
82,user_83,user83@cineverse.example.com,45-54,English
83,user_84,user84@cineverse.example.com,35-44,English
84,user_85,user85@cineverse.example.com,18-24,English
85,user_86,user86@cineverse.example.com,45-54,English
86,user_87,user87@cineverse.example.com,25-34,English
87,user_88,user88@cineverse.example.com,18-24,English
88,user_89,user89@cineverse.example.com,55+,English
89,user_90,user90@cineverse.example.com,25-34,English
90,user_91,user91@cineverse.example.com,35-44,English
91,user_92,user92@cineverse.example.com,18-24,English
92,user_93,user93@cineverse.example.com,25-34,English
93,user_94,user94@cineverse.example.com,18-24,English
94,user_95,user95@cineverse.example.com,25-34,English
95,user_96,user96@cineverse.example.com,25-34,English
96,user_97,user97@cineverse.example.com,55+,English
97,user_98,user98@cineverse.example.com,55+,English
98,user_99,user99@cineverse.example.com,25-34,English
99,user_100,user100@cineverse.example.com,25-34,English
100,user_101,user101@cineverse.example.com,35-44,English
101,user_102,user102@cineverse.example.com,55+,English
102,user_103,user103@cineverse.example.com,55+,English
103,user_104,user104@cineverse.example.com,18-24,English
104,user_105,user105@cineverse.example.com,18-24,English
105,user_106,user106@cineverse.example.com,35-44,English
106,user_107,user107@cineverse.example.com,25-34,English
107,user_108,user108@cineverse.example.com,25-34,English
108,user_109,user109@cineverse.example.com,18-24,English
109,user_110,user110@cineverse.example.com,18-24,English
110,user_111,user111@cineverse.example.com,55+,English
111,user_112,user112@cineverse.example.com,18-24,English
112,user_113,user113@cineverse.example.com,18-24,English
113,user_114,user114@cineverse.example.com,18-24,English
114,user_115,user115@cineverse.example.com,35-44,English
115,user_116,user116@cineverse.example.com,18-24,English
116,user_117,user117@cineverse.example.com,18-24,English
117,user_118,user118@cineverse.example.com,45-54,English
118,user_119,user119@cineverse.example.com,35-44,English
119,user_120,user120@cineverse.example.com,45-54,English
120,user_121,user121@cineverse.example.com,under_18,English
121,user_122,user122@cineverse.example.com,35-44,English
122,user_123,user123@cineverse.example.com,35-44,English
123,user_124,user124@cineverse.example.com,18-24,English
124,user_125,user125@cineverse.example.com,18-24,English
125,user_126,user126@cineverse.example.com,18-24,English
126,user_127,user127@cineverse.example.com,25-34,English
127,user_128,user128@cineverse.example.com,under_18,English
128,user_129,user129@cineverse.example.com,35-44,English
129,user_130,user130@cineverse.example.com,55+,English
130,user_131,user131@cineverse.example.com,45-54,English
131,user_132,user132@cineverse.example.com,35-44,English
132,user_133,user133@cineverse.example.com,35-44,English
133,user_134,user134@cineverse.example.com,25-34,English
134,user_135,user135@cineverse.example.com,25-34,English
135,user_136,user136@cineverse.example.com,25-34,English
136,user_137,user137@cineverse.example.com,18-24,English
137,user_138,user138@cineverse.example.com,45-54,English
138,user_139,user139@cineverse.example.com,35-44,English
139,user_140,user140@cineverse.example.com,55+,English
140,user_141,user141@cineverse.example.com,45-54,English
141,user_142,user142@cineverse.example.com,18-24,English
142,user_143,user143@cineverse.example.com,35-44,English
143,user_144,user144@cineverse.example.com,18-24,English
144,user_145,user145@cineverse.example.com,18-24,English
145,user_146,user146@cineverse.example.com,18-24,English
146,user_148,user148@cineverse.example.com,18-24,English
147,user_149,user149@cineverse.example.com,25-34,English
148,user_150,user150@cineverse.example.com,45-54,English
149,user_151,user151@cineverse.example.com,18-24,English
150,user_152,user152@cineverse.example.com,18-24,English
151,user_153,user153@cineverse.example.com,25-34,English
152,user_154,user154@cineverse.example.com,35-44,English
153,user_155,user155@cineverse.example.com,25-34,English
154,user_156,user156@cineverse.example.com,45-54,English
155,user_157,user157@cineverse.example.com,25-34,English
156,user_158,user158@cineverse.example.com,18-24,English
157,user_159,user159@cineverse.example.com,18-24,English
158,user_160,user160@cineverse.example.com,25-34,English
159,user_161,user161@cineverse.example.com,55+,English
160,user_162,user162@cineverse.example.com,18-24,English
161,user_163,user163@cineverse.example.com,18-24,English
162,user_164,user164@cineverse.example.com,25-34,English
163,user_165,user165@cineverse.example.com,55+,English
164,user_166,user166@cineverse.example.com,18-24,English
165,user_167,user167@cineverse.example.com,18-24,English
166,user_168,user168@cineverse.example.com,25-34,English
167,user_169,user169@cineverse.example.com,25-34,English
168,user_170,user170@cineverse.example.com,under_18,English
169,user_171,user171@cineverse.example.com,45-54,English
170,user_172,user172@cineverse.example.com,25-34,English
171,user_173,user173@cineverse.example.com,55+,English
172,user_174,user174@cineverse.example.com,35-44,English
173,user_176,user176@cineverse.example.com,under_18,English
174,user_177,user177@cineverse.example.com,25-34,English
175,user_178,user178@cineverse.example.com,under_18,English
176,user_179,user179@cineverse.example.com,45-54,English
177,user_180,user180@cineverse.example.com,18-24,English
178,user_181,user181@cineverse.example.com,35-44,English
179,user_182,user182@cineverse.example.com,under_18,English
180,user_183,user183@cineverse.example.com,35-44,English
181,user_184,user184@cineverse.example.com,18-24,English
182,user_185,user185@cineverse.example.com,under_18,English
183,user_186,user186@cineverse.example.com,18-24,English
184,user_187,user187@cineverse.example.com,35-44,English
185,user_188,user188@cineverse.example.com,25-34,English
186,user_189,user189@cineverse.example.com,18-24,English
187,user_190,user190@cineverse.example.com,25-34,English
188,user_191,user191@cineverse.example.com,35-44,English
189,user_192,user192@cineverse.example.com,35-44,English
190,user_193,user193@cineverse.example.com,35-44,English
191,user_194,user194@cineverse.example.com,18-24,English
192,user_195,user195@cineverse.example.com,45-54,English
193,user_196,user196@cineverse.example.com,35-44,English
194,user_197,user197@cineverse.example.com,35-44,English
195,user_198,user198@cineverse.example.com,35-44,English
196,user_199,user199@cineverse.example.com,35-44,English
197,user_200,user200@cineverse.example.com,18-24,English
198,user_201,user201@cineverse.example.com,25-34,English
199,user_202,user202@cineverse.example.com,18-24,English
200,user_203,user203@cineverse.example.com,35-44,English
