watchlist_id,user_id,name
1,1,My Watchlist
2,2,My Watchlist
3,3,My Watchlist
4,4,My Watchlist
5,5,My Watchlist
6,6,My Watchlist
7,7,My Watchlist
8,8,My Watchlist
9,9,My Watchlist
10,10,My Watchlist
11,11,My Watchlist
12,12,My Watchlist
13,13,My Watchlist
14,14,My Watchlist
15,15,My Watchlist
16,16,My Watchlist
17,17,My Watchlist
18,18,My Watchlist
19,19,My Watchlist
20,20,My Watchlist
21,21,My Watchlist
22,22,My Watchlist
23,23,My Watchlist
24,24,My Watchlist
25,25,My Watchlist
26,26,My Watchlist
27,27,My Watchlist
28,28,My Watchlist
29,29,My Watchlist
30,30,My Watchlist
31,31,My Watchlist
32,32,My Watchlist
33,33,My Watchlist
34,34,My Watchlist
35,35,My Watchlist
36,36,My Watchlist
37,37,My Watchlist
38,38,My Watchlist
39,39,My Watchlist
40,40,My Watchlist
41,41,My Watchlist
42,42,My Watchlist
43,43,My Watchlist
44,44,My Watchlist
45,45,My Watchlist
46,46,My Watchlist
47,47,My Watchlist
48,48,My Watchlist
49,49,My Watchlist
50,50,My Watchlist
